critic_name,top_critic,critic_publication,review_icon,review_quote,review_link,date_published,season
Nathan Mattise,False,Ars Technica,fresh,[Breaking Bad] expanded universes? Look to the (equally great) Better Call Saul.,https://arstechnica.com/gaming/2019/12/tv-changed-a-lot-in-the-2010s-and-the-decades-best-reflects-that/,"Jul 28, 2021",1
Jamie East,False,The Sun (UK),fresh,Who knew that watching the foundations of an amazing building being laid would be as pleasurable as the finished article?,https://www.thesun.co.uk/tvandshowbiz/11368333/better-call-saul-good-as-it-gets/,"Apr 12, 2020",1
Li Lai,False,Mediaversity Reviews,rotten,"Creators Gilligan and Gould have left entire swathes of people-specifically, those who don't look like them-in the dustbin of tropes and stereotypes.",https://www.mediaversityreviews.com/tv-reviews/2017/9/4/better-call-saul,"Aug 5, 2019",1
Khal Davenport,False,Complex,fresh,"Better Call Saul does a magnificent job at highlighting just how far people can-and will-go to do ""right.""",https://www.complex.com/pop-culture/2016/02/better-call-saul-season-2-review,"Apr 24, 2019",1
Gem Seddon,False,SFX Magazine,fresh,"It's hard to imagine a Breaking Bad spin-off being able to cap the brilliance of that series. Thanks to the superb performance by Bob Odenkirk, who delves into practically every emotional state in its first season alone, it's just as good...",https://www.gamesradar.com/best-netflix-tv-shows/2/,"Nov 16, 2018",1
Stephen Marche,False,Esquire Magazine,fresh,"Better Call Saul has been like Breaking Bad without the boring bits. It has become something more, too: a show that not only follows on from its predecessor but has become a commentary on it, a companion show to the original.",https://www.esquire.com/entertainment/tv/reviews/a34166/better-call-saul-season-1-review/,"Oct 19, 2018",1
Adam Sweeting,False,The Arts Desk,fresh,"No stunt is too cheap for McGill, who's played with a masterly mix of low cunning and sweaty desperation by Bob Odenkirk.",https://www.theartsdesk.com/tv/better-call-saul-netflix,"Jul 24, 2018",1
Ashley Bissette Sumerel,False,Tell-Tale TV,fresh,"Better Call Saul is turning out to be an artistic, thoughtful, and very entertaining show.",https://www.telltaletv.com/2015/02/review-better-call-saul-the-two-night-premiere/,"Jun 21, 2018",1
Kaitlin Thomas,False,TV Guide,fresh,"Better Call Saul is a worthy successor to Breaking Bad, but it's not Breaking Bad 2.0.",http://www.tvguide.com/news/what-to-watch-summer-tv/,"Jun 19, 2018",1
Karl Quinn,True,The Age (Australia),fresh,"By the end of the episode, it had all started to feel kind of familiar, in the best possible way.",https://www.theage.com.au/entertainment/tv-and-radio/better-call-saul-review-back-to-where-it-all-began-for-breaking-bads-dodgy-lawyer-20150210-13a6qn.html,"Mar 27, 2018",1
Judy Berman,True,Flavorwire,fresh,"Its first few episodes aren't quite as epic as Breaking Bad's, but they're surprising, character-packed, and tense enough to give the series a fighting chance of becoming its predecessor's equal.",http://flavorwire.com/502799/better-call-saul-review,"Sep 22, 2017",1
Jac Kern,False,Cincinnati CityBeat,fresh,"With the recent overabundance of sequels and reboots of classic films and shows, it's uncommon to find a quality spin-off with its own legs.",http://www.citybeat.com/movies-tv/tv/article/20864027/saul-is-even-better-than-breaking-bad,"Sep 12, 2017",1
Martin Hoyle,True,Financial Times,fresh,"For Breaking Bad's legion of fans Better Call Saul, released in weekly episodes, contains elements of prequel, recap and sequel, evoking Breaking Bad's residual glamour.",https://www.ft.com/content/c42c1874-c3ab-11e4-8fa9-00144feab7de,"May 2, 2017",1
Patricia Garcia,False,Vogue,fresh,"The question on fans' minds is whether or not the new show will live up to its predecessor. Well, rest easy, Breaking Bad fans: Better Call Saul is actually pretty good.",http://www.vogue.com/article/better-call-saul-breaking-bad-spin-off,"Mar 7, 2017",1
Jeff Beck,False,The Blu Spot,fresh,Better Call Saul is a sharply-written and instantly-engaging prequel that delivers on the fascinating concept of telling us the backstory of the eccentric and morally-questionable Saul Goodman.,http://www.thebluspot.com/single-post/2015/11/09/Better-Call-Saul-The-Complete-First-Season-A-SharplyWritten-and-Engaging-Prequel-Bluray,"Nov 9, 2015",1
Frazier Moore,True,Associated Press,fresh,"The man we knew as Saul is back, better than ever, in Better Call Saul, a much-anticipated, well-worth-waiting-for prequel.",http://www.sandiegouniontribune.com/news/2015/feb/05/bob-odenkirk-returns-as-bad-lawyer-in-better-call/,"Oct 15, 2015",1
Sonia Saraiya,True,Salon.com,fresh,It did make me care about the man who becomes Saul Goodman in a way I never did in Breaking Bad.,http://www.salon.com/2015/01/31/%E2%80%9Cbetter_call_saul%E2%80%9D_humanizes_the_smooth_talking_%E2%80%9Cbreaking_bad%E2%80%9D_sidekick_in_a_surprisingly_solid_spin_off/,"Oct 15, 2015",1
Hal Boedeker,True,Orlando Sentinel,fresh,"My advice: Give the promising Saul time, and remember that Breaking Bad took years to become the revered classic that it is.",http://www.orlandosentinel.com/entertainment/tv/tv-guy/os-better-call-saul-promising-prequel-20150205-post.html,"Oct 15, 2015",1
Alessandra Stanley,True,New York Times,fresh,"Better Call Saul is better than good: It's delightful - in a brutal, darkly comic way, of course.",http://www.nytimes.com/2015/02/06/arts/television/better-call-saul-a-breaking-bad-spinoff-on-amc.html?_r=0,"Oct 15, 2015",1
Cory Mahoney,False,Hollywood.com,fresh,"The episodes bring back the glory of the Breaking Bad days without being cheesy or overly nostalgic; there are thrills, laughs, twists, and overall, a strong premise.",http://www.hollywood.com/tv/better-call-saul-review-57598408/,"Oct 15, 2015",1
Emily Nussbaum,True,New Yorker,fresh,"Like its predecessor, Better Call Saul has a mordant wit: it's full of quotable put-downs and promising themes about the fuzzy line between legal and illegal skills.",http://www.newyorker.com/magazine/2015/04/13/my-idea-of-fun,"Apr 7, 2015",1
Cameron Williams,False,The Popcorn Junkie,fresh,A miracle,http://thepopcornjunkie.com/2015/03/17/better-call-saul-a-masterclass-in-fan-service/,"Mar 16, 2015",1
Matt Roush,False,TV Insider,fresh,Odenkirk brings such vividly raw desperation to this hapless bottom-feeder that it's hard not to root for Jimmy as he tangles with lowlifes while feverishly trying to hang on to a shred of professional integrity and decency. That's a ride worth taking.,http://www.tvinsider.com/article/242/roush-review-better-call-saul/,"Feb 23, 2015",1
Tom Long,True,Detroit News,fresh,"Saul is a tangential prequel to Breaking Bad... Saul is also the story of a man slipping over to the dark side, filled with comical touches, not-so-comical brutality and oddball complications.",http://www.detroitnews.com/story/entertainment/television/2015/02/06/better-call-saul-carries-spirit-breaking-bad/22947219/,"Feb 23, 2015",1
Kari Croop,False,Common Sense Media,fresh,"Just as Breaking Bad did when Walter and Jesse started cooking together, Saul eventually shifts into high gear and delivers real promise as an addictive drama that's full of surprises and, more importantly, thoughtful storytelling.",https://www.commonsensemedia.org/tv-reviews/better-call-saul,"Feb 10, 2015",1
Anne Easton,True,Observer,fresh,"In short, the propaganda surrounding Saul has been entirely accurate, and while Jimmy may experience disappointment after disappointment, viewers will suffer no such fate.",http://observer.com/2015/02/does-better-call-saul-live-up-to-the-hype/,"Feb 9, 2015",1
Tom Conroy,True,Media Life,fresh,"Fans of Breaking Bad will be pleased to hear that AMC's new prequel to that show, Better Call Saul, is a Frasier.",http://www.medialifemagazine.com/better-call-saul-certainly/,"Feb 9, 2015",1
Vicki Hyman,True,Newark Star-Ledger,fresh,"How will Better Call Saul play for those unfamiliar with Breaking Bad? It still works, provided they're content with Gilligan's trademark loopiness and the show's leisurely (but confident) pace.",http://www.nj.com/entertainment/tv/index.ssf/2015/02/better_call_saul_review_breaking_bad_bob_odenkirk.html#incart_river,"Feb 9, 2015",1
Drew Grant,True,Observer,fresh,I'd give it a solid A for the pilot-which seems at once like a completely different structure from Breaking Bad while simultaneously existing in the exact same world-and the little revelations I had during it felt very Deep-with-a-capital-D.,http://observer.com/2015/02/near-honor-students-all-better-call-saul-premieres-unnecessary-and-brilliant/,"Feb 9, 2015",1
Verne Gay,True,Newsday,fresh,"Saul is lighter and brighter than Bad, and -- particularly with Sunday's launch -- often very funny.",http://www.newsday.com/entertainment/tv/better-call-saul-review-a-good-bad-prequel-1.9908710,"Feb 9, 2015",1
Rick Porter,False,Zap2it.com,fresh,"Better Call Saul got off to a very promising start with its premiere, showing that the spinoff will be plenty capable of being its own show while still remaining part of the larger world created in Breaking Bad.",http://www.zap2it.com/blogs/2_better_call_saul_premiere_moments_that_made_breaking_bad_fans_really_happy-2015-02,"Feb 9, 2015",1
Chris Bumbray,False,JoBlo's Movie Network,fresh,An incredibly promising start for what should be one of the rare spin-offs that work. The best since FRAISER?,http://www.joblo.com/movie-news/tv-review-better-call-saul-season-1-episode-1-uno-199-02,"Feb 9, 2015",1
Spencer Kornhaber,True,The Atlantic,fresh,"Gilligan and co-creator Peter Gould have improbably constructed something that feels like a continuation of its predecessor but not a retread, telling a new tale with their old show's trademark meticulousness, gravity, humor, and, beauty.",http://www.theatlantic.com/entertainment/archive/2015/02/the-beauty-of-better-call-saul/385265/,"Feb 9, 2015",1
Eric Deggans,True,NPR,fresh,"Better Call Saul, which quickly shifts to six years before Breaking Bad's time, is a rare achievement: a great new series born from one of the best dramas in recent TV history.",http://www.npr.org/2015/02/06/384053115/breaking-bad-spinoff-better-call-saul-soars,"Feb 9, 2015",1
Kristi Turnquist,False,Oregonian,fresh,"With the talent involved, I'm hopeful that Better Call Saul will prove to be worth watching for reasons that go beyond Breaking Bad nostalgia.",http://www.oregonlive.com/movies/2015/02/better_call_saul_new_breaking.html#incart_river,"Feb 9, 2015",1
Mary McNamara,True,Los Angeles Times,fresh,It does prove that a series can satisfy fans and the network marketing department and still be very good.,http://www.latimes.com/entertainment/tv/la-et-st-better-call-saul-review-20150207-column.html,"Feb 9, 2015",1
Robert Bianco,True,USA Today,fresh,"The writing, with its sudden shifts from drama to comedy and its sympathetic view of its bumbling characters, is so stellar.",http://www.usatoday.com/story/life/tv/2015/02/05/better-call-saul-review/22921741/,"Feb 9, 2015",1
Rob Sheffield,True,Rolling Stone,fresh,"After just a few episodes, it's clear that Saul Goodman is a compelling enough slimeball to carry his own backstory.",http://www.rollingstone.com/tv/features/better-call-saul-the-rise-of-a-sleazebag-20150206,"Feb 9, 2015",1
Gail Pennington,True,St. Louis Post-Dispatch,fresh,It's far more than just OK. It's terrific.,http://www.stltoday.com/entertainment/television/gail-pennington/never-fear-better-call-saul-doesn-t-disappoint/article_c984cbd4-d154-5836-8930-a638026c5ec8.html,"Feb 9, 2015",1
Erik Adams,True,AV Club,fresh,"This show is in dialogue with its predecessor, but that dialogue exists as a bridge between Better Call Saul and Breaking Bad, not a doorway for cheap fan service.",http://www.avclub.com/review/when-better-call-saul-escapes-breaking-bads-shadow-214637,"Feb 9, 2015",1
Zach Hollwedel,False,Under the Radar,fresh,"Even without Walter White or Jesse Pinkman, Saul makes for some darn good television.",http://www.undertheradarmag.com/reviews/better_call_saul/,"Feb 9, 2015",1
Ed Bark,True,Uncle Barky,fresh,"Better Call Saul looks very much as though it can stand on its own, even with occasional drop-ins from prominent Breaking Bad characters other than Mike Ehrmantraut.",http://www.unclebarky.com/reviews_files/32a6c2852ec6bac98b20562d5aeb8e04-1905.html,"Feb 9, 2015",1
Miranda Wicker,False,TV Fanatic,fresh,What's going to be great about Better Call Saul is the untapped opportunity for storytelling creators Gilligan and Gould have here. Already in this episode we've seen callbacks to the Saul we know from Breaking Bad.,http://www.tvfanatic.com/2015/02/better-call-saul-season-1-episode-1-review-meet-jimmy-mcgill/,"Feb 9, 2015",1
Esther Breger,True,The New Republic,fresh,"Luckily, Gilligan and Gould have made Better Call Saul into something at once more interesting and more familiar: a mordantly comic origin story showing us how a small-time lawyer becomes the man with his face on a bus stop.",http://www.newrepublic.com/article/120995/better-call-saul-review-breaking-bad-spinoff-stands-its-own,"Feb 9, 2015",1
Rob Owen,False,Pittsburgh Post-Gazette,fresh,"Saul isn't a failure at all. Instead, Saul feels like a series with many of the hallmarks of classic Breaking Bad episodes that's set in the familiar Bad universe, emphasizing a similar vibe that mixes personal drama with dark comedy.",http://www.post-gazette.com/ae/tv-radio/2015/02/06/Breaking-Bad/stories/201502060014,"Feb 6, 2015",1
Ellen Gray,False,Philadelphia Daily News,fresh,"Is Saul funny? Yes, in the way that Breaking Bad could be very funny. And it's still Odenkirk, whose face alone is worth a comedy master class. But there's more pathos there than I'd expected.",http://www.philly.com/philly/columnists/ellen_gray/20150206_It_s__Saul__right_after_all.html,"Feb 6, 2015",1
Michael Starr,True,New York Post,fresh,"Sunday's premiere episode moves along at a brisk clip, with moody cinematography that somehow makes the bright New Mexico sunlight seem like stormy foreboding -- lifted by Odenkirk's confident performance and Jimmy's snappy dialogue.",http://nypost.com/2015/02/05/better-call-saul-hits-the-right-notes/,"Feb 6, 2015",1
Matt Zoller Seitz,True,New York Magazine/Vulture,fresh,"Better Call Saul is a slightly gentler prequel to Breaking Bad; it evokes a more laid-back, boozy sort of crime story.",http://www.vulture.com/2015/02/tv-review-better-call-saul.html,"Feb 6, 2015",1
Jason Hughes,True,TheWrap,fresh,"Within the first 20 minutes or so of AMC's Breaking Bad prequel series Better Call Saul, it quickly becomes clear that Bob Odenkirk is a worthy successor to the role of unlikely leading man in a New Mexico-based series.",http://www.thewrap.com/better-call-saul-review-bob-odenkirk-leads-worthy-successor-to-breaking-bad/,"Feb 6, 2015",1
Joanne Ostrow,True,Denver Post,fresh,"Vince Gilligan and Peter Gould have constructed a layered, very human, bumbling protagonist who is not at all limited to the role of sideline comic accent.",http://www.denverpost.com/television/ci_27461239/better-call-saul-and-slap-two-tv-dramas,"Feb 6, 2015",1
Mark Dawidziak,False,Cleveland Plain Dealer,fresh,"Despite the similarities, Better Call Saul is very much its own mixed bag of murky morality. Gilligan's two AMC series share a common trajectory and a marvelous visual sense, but they are different in tone and execution.",http://www.cleveland.com/tv-blog/index.ssf/2015/02/better_watch_better_call_saul.html#incart_river,"Feb 6, 2015",1
Mark A. Perigard,False,Boston Herald,fresh,"""Better"" boasts a caliber of actors other shows can only dream about.",http://www.bostonherald.com/entertainment/television/television_reviews/2015/02/better_watch_prequel_saul,"Feb 6, 2015",1
Matthew Gilbert,True,Boston Globe,fresh,"It's less brooding than its progenitor, less emotionally wrenching (at least at first), and its references to the Breaking Bad mythology could ultimately become tiresome. But it's also entertaining and smart and, like its piteous semi-hero, persuasive.",https://www.bostonglobe.com/arts/television/2015/02/05/breaking-bad-prequel-with-its-own-story-tell/1HdzG3fSZmgZFvgJqPdXUL/story.html,"Feb 5, 2015",1
Lori Rackl,True,Chicago Sun-Times,fresh,"After watching three episodes of the new spinoff, I'm happy to report that Saul stands on its own as a compelling hourlong drama while delivering a welcome dose of nostalgia for Bad fans in the throes of withdrawal.",http://entertainment.suntimes.com/television/review-theres-plenty-bad-good-better-call-saul/,"Feb 5, 2015",1
Christopher Lawrence,False,Las Vegas Review-Journal,fresh,"Better Call Saul is a worthy successor, one that keeps the spirit of Heisenberg's world alive without diminishing it.",http://www.reviewjournal.com/columns-blogs/christopher-lawrence/dark-seedy-soul-breaking-bad-lives-vibrantly-better-call-saul,"Feb 5, 2015",1
Andy Greenwald,True,Grantland,fresh,There's a sense of playfulness and fun that isn't just a welcome break from the meth business; it feels like the blessed antidote to untold hours of grim cable dramatics.,http://grantland.com/hollywood-prospectus/yes-its-good-amcs-big-better-call-saul-bet-pays-off/,"Feb 4, 2015",1
David Wiegand,True,San Francisco Chronicle,fresh,"No, it's not as good as Breaking Bad, but it has moments of possibility, if not out-and-out hope that with care and a more focused sense by Gould and Gilligan of what they want to do with their unlikely lead character, Saul might be worth a weekly call.",http://www.sfgate.com/tv/article/TV-Don-t-hang-up-on-Breaking-Bad-spin-off-6062113.php,"Feb 4, 2015",1
Brian Tallerico,True,RogerEbert.com,fresh,"Better Call Saul is not only a great show in the context of the program that birthed it into existence, but would be a great show with or without Walter White.",http://www.rogerebert.com/demanders/confident-brilliant-better-call-saul-returns-viewers-to-world-of-breaking-bad,"Feb 4, 2015",1
David Bianculli,True,NPR,fresh,"Better Call Saul not only stands right alongside Breaking Bad as a stunningly entertaining TV series, it stands on its own.",http://www.npr.org/2015/02/04/383785664/better-call-saul-the-prequel-to-breaking-bad-is-as-good-as-the-first,"Feb 4, 2015",1
David Hinckley,True,New York Daily News,fresh,"Saul picks up plot speed rapidly at the end of the first hour. The beginning, however, is so deliberate it's almost hypnotic. It's shot out of time, and what we see falls right into the pocket for Breaking Bad fans.",http://www.nydailynews.com/entertainment/tv/better-call-saul-tv-review-article-1.2100810,"Feb 4, 2015",1
Chuck Barney,False,Contra Costa Times,fresh,"Thankfully, Odenkirk remains worth watching. It's a hoot to see his character slip into ""showtime"" mode, spout random lines from movies and try to tap-dance his way out of trouble.",http://www.mercurynews.com/entertainment/ci_27428616/review-better-call-saul-delves-into-past-life,"Feb 3, 2015",1
Jeff Jensen,True,Entertainment Weekly,fresh,"As a character study of a postmodern Willy Loman, as a satire about self-creation, as a subversive poke at those who find wish fulfillment in antihero fantasy, Better Call Saul has promise and purpose.",http://www.ew.com/article/2015/01/21/better-call-saul,"Feb 2, 2015",1
Chuck Bowen,True,Slant Magazine,fresh,"Better Call Saul is a nifty and promising comic noir, but it also allows you to ponder certain missed opportunities.",http://www.slantmagazine.com/tv/review/better-call-saul-season-one,"Feb 2, 2015",1
Willa Paskin,True,Slate,fresh,"The first episode is a sort of shaggy character sketch, meandering along to an abrupt, and welcome, Breaking Bad-style cliffhanger.",http://www.slate.com/articles/arts/television/2015/01/better_call_saul_review_amc_s_breaking_bad_spinoff_is_a_superhero_origin.html,"Jan 30, 2015",1
Anthony O'Connor,False,FILMINK (Australia),fresh,"Gilligan has set up another dark, subversive journey and not a fan-servicing callback fest.",http://www.filmink.com.au/reviews/better-call-saul-digital/,"Jan 29, 2015",1
Maureen Ryan,True,Huffington Post,fresh,"Most shows only wish they could reach the level of aesthetic mastery Better Call Saul demonstrates out of the gate, but my counterintuitive hope for the new AMC drama is that it gets messier, less controlled and less perfectionist in its tendencies.",http://www.huffingtonpost.com/2015/01/23/better-call-saul-review_n_6533958.html?utm_hp_ref=maureen-ryan,"Jan 26, 2015",1
Tim Goodman,True,Hollywood Reporter,fresh,"Saul is very much its own beast, a fairly clear departure stylistically from Breaking Bad and a drama with wholly different roots as well.",http://www.hollywoodreporter.com/review/better-call-saul-tv-review-765600,"Jan 22, 2015",1
Brian Lowry,True,Variety,fresh,"Essentially, Saul is an extended origin story, possessing Bad's flavor and black comedy but at least initially lacking its emotional core. While that dictates a mixed verdict, the creative auspices nevertheless bode well.",http://variety.com/2015/tv/reviews/tv-review-better-call-saul-1201409820/,"Jan 21, 2015",1
Alan Sepinwall,True,HitFix,fresh,"Like its predecessor in its earliest days, Saul is moving very slowly and methodically, revealing itself only a bit at a time but there's promise in these early movements.",http://www.hitfix.com/whats-alan-watching/review-better-call-saul-a-breaking-bad-prequel-with-promise,"Jan 21, 2015",1
Hank Stuever,True,Washington Post,fresh,"We're not starting from the base here, but there is a strong feeling in Better Call Saul that the climb back up the mesa is going to be a complicated journey.",http://www.washingtonpost.com/entertainment/tv/amcs-better-call-saul-every-sleazeball-has-a-story-to-tell/2015/02/03/680b5fb2-a643-11e4-a2b2-776095f393b2_story.html,"Jan 13, 2015",1
Oliver Whitney,False,ScreenCrush,fresh,"We already know where Jimmy eventually ends up, but as Better Call Saul charts his path deeper into corruption, Gilligan's spinoff is only bound to get more addictive.",http://screencrush.com/better-call-saul-season-2-review/,"Jun 18, 2018",2
Pat Stacey,False,The Herald (Ireland),fresh,"After one mouth-watering instalment, promises to be as much fun as the first one.",http://www.independent.ie/entertainment/television/tv-reviews/better-call-saul-season-2-first-episode-review-quietly-cleverly-propulsive-34460979.html,"Oct 17, 2017",2
Judy Berman,True,Esquire Magazine,fresh,"Better Call Saul points the way to a new sort of TV drama-one that takes flawed characters as a given, but uses those flaws to challenge our assumptions about what ""good"" and ""bad"" even mean.",http://www.esquire.com/entertainment/tv/news/a44079/better-call-saul-season-two-recap/,"Sep 21, 2017",2
Pattie Pegler,False,Stuff.co.nz,fresh,There are no lazy shortcuts here. The writing is excellent and the plot is great - all held together by a compelling array of characters.,http://www.stuff.co.nz/entertainment/tv-radio/76876177/tv-review-no-activity-better-call-saul,"Apr 19, 2017",2
Francine Prose,False,The New York Review of Books,fresh,"The new season has proven to be even stronger, funnier, and more focused than the first.",http://www.nybooks.com/daily/2016/04/22/better-call-saul-season-two-ballad-slippin-jimmy/,"Mar 28, 2017",2
Inkoo Kang,True,MTV,fresh,"It's Jimmy's thorny relationships... that made up the most involving elements of Better Call Saul's sorrowful, emotionally knotty, fantastic follow-up season.",http://www.mtv.com/news/2869971/gimme-jimmy-better-call-saul-second-season/,"Apr 20, 2016",2
James Poniewozik,True,New York Times,fresh,Entering its second... Better Call Saul is not the best drama on TV. But it's one of the most unusual and daring.,http://www.nytimes.com/2016/02/15/arts/television/review-better-call-saul-quirky-and-absorbing-in-season-opener.html?_r=1,"Apr 6, 2016",2
Allison Keene,True,Collider,fresh,"Better Call Saul's new season jumps right back in to the Sandpiper case, law firm culture, Chuck and Jimmy's now-frosty relationship, as well as Jimmy's budding romance with Kim, and his association with Mike",http://collider.com/better-call-saul-season-2-review/,"Mar 10, 2016",2
Rob Sheffield,True,Rolling Stone,fresh,"In the superb new season, it's still 2002, and Jimmy hasn't transformed into Saul yet. But he's a ticking time bomb.",http://www.rollingstone.com/tv/features/better-call-saul-breaking-so-very-very-bad-20160307,"Mar 7, 2016",2
Anthony Merino,False,PopMatters,fresh,Saying that Better Call Saul season two is not quite as good as season one is praising with faint criticism. It's still funnier and more interesting than just about anything on television.,http://www.popmatters.com/review/better-call-saul-season-2/,"Mar 7, 2016",2
Christopher Hooton,True,Independent (UK),rotten,"It kills me to do this. I adored Breaking Bad, loved the character of Saul... But two episodes into the second season of Better Call Saul... I've got to admit to myself: it's not working.",http://www.independent.co.uk/arts-entertainment/tv/reviews/in-which-i-dare-to-suggest-that-better-call-saul-is-a-bad-show-a6878151.html,"Feb 16, 2016",2
John Doyle,True,Globe and Mail,fresh,"The return of Better Call Saul is welcome. And, first and foremost, it is a lesson in storytelling technique.",http://www.theglobeandmail.com/arts/television/john-doyle-better-call-saul-is-back-and-brilliantly-beautifully-slow-savour-it/article28745933/,"Feb 16, 2016",2
Brian Moylan,True,Guardian,fresh,"What's so brilliant about this show is that we know the answer is no. Jimmy will ruin himself. Even though the season starts off with a spoiler, it's still a thrill to watch.",http://www.theguardian.com/tv-and-radio/2016/feb/15/better-call-saul-second-season-review,"Feb 16, 2016",2
Chris Bumbray,False,JoBlo's Movie Network,fresh,"While a starkly different show to the operatic Breaking Bad, in its own right Better Call Saul is turning into a major triumph and appointment viewing.",http://www.joblo.com/movie-news/tv-review-better-call-saul---season-two---episode-1-860-02,"Feb 16, 2016",2
Joshua Alston,True,AV Club,fresh,That Jimmy's sibling rivalry feels worth investing in speaks to how self-assured Saul continues to be in season two.,http://www.avclub.com/review/amcs-better-call-saul-stays-course-its-confident-s-232180,"Feb 15, 2016",2
Jeff Jensen,True,Entertainment Weekly,fresh,"We know the destination; the only mystery is the journey. And as if often the case with character transformation, I suspect the rate of change will appear slow, then finish with a flurry.",http://www.ew.com/article/2016/02/14/better-call-saul-season-2-review,"Feb 15, 2016",2
Spencer Kornhaber,True,The Atlantic,fresh,All of which is to say that Better Call Saul season two is not yet as gripping as season one's best episodes were. But there's plenty of reasons to bet it soon could be.,http://www.theatlantic.com/entertainment/archive/2016/02/better-call-saul-the-fable-continues/462654/,"Feb 15, 2016",2
Hank Stuever,True,Washington Post,fresh,"The saving grace so far in Season 2 is the steady, mildly menacing presence of Mike Ehrmentraut... another classic Breaking Bad character, able to dominate his world from the cashier booth of a municipal parking lot.",https://www.washingtonpost.com/entertainment/tv/better-call-saul-better-get-busy/2016/02/14/db1473bc-d1a4-11e5-88cd-753e80cd29ad_story.html,"Feb 15, 2016",2
Brian Tallerico,True,RogerEbert.com,fresh,"The writing on Better Call Saul is as tight as any show on television, with every scene feeling like it has thematic or narrative purpose without being overwritten.",http://www.rogerebert.com/demanders/better-call-saul-returns-as-confident-as-season-one,"Feb 12, 2016",2
Verne Gay,True,Newsday,fresh,One of TV's best gets better.,http://www.newsday.com/entertainment/tv/better-call-saul-season-2-review-breaking-bad-saga-gets-even-richer-1.11464478,"Feb 12, 2016",2
Willa Paskin,True,Slate,fresh,"Odenkirk is fantastic as Jimmy, both unctuous and charming, slovenly and sexy, able to project pathos and, a rare quality in a human or an actor, fun.",http://www.slate.com/articles/arts/television/2016/02/better_call_saul_season_2_reviewed.html,"Feb 12, 2016",2
Sonia Saraiya,True,Salon.com,fresh,"With Chuck's intentions revealed, season 2 makes room for Jimmy's relationship with Kim, and to my mind, it gives the show a jolt of emotional resonance.",http://www.salon.com/2016/02/11/better_call_saul_keeps_getting_better_romance_keeps_jimmys_dark_side_in_check_but_his_cinnabon_future_still_looms_ahead/,"Feb 12, 2016",2
Rob Owen,False,Pittsburgh Post-Gazette,fresh,"Season two reminds viewers of how smart, engaging and original the writing and plotting can be in the hands of Saul creators Vince Gilligan and Peter Gould and their writing staff.",http://www.post-gazette.com/ae/tv-radio/2016/02/12/Tuned-in-HBO-spins-dark-dull-Vinyl-Better-Call-Saul-is-back/stories/201602120092,"Feb 12, 2016",2
Ed Bark,True,Uncle Barky,fresh,"Better Call Saul is still avoiding the pitfalls of simply running in place. Instead, great expectations remain intact for a Season 2 that so far continues to make its mark by delivering just a little at a time.",http://www.unclebarky.com/reviews.html,"Feb 12, 2016",2
Tim Goodman,True,Hollywood Reporter,fresh,"It appears that Gould and Gilligan will be accelerating Jimmy's transformation into Saul. That's welcome news, even if it brings up issues about exactly how fast that will happen and how much timeline the series will have to play with.",http://www.hollywoodreporter.com/review/better-call-saul-season-2-863965,"Feb 11, 2016",2
Sam Woolf,False,We Got This Covered,fresh,"Jimmy McGill and Better Call Saul continue to find themselves in Season 2, and their efforts prove well worth your time.",http://wegotthiscovered.com/tv/better-call-saul-season-2-review/,"Feb 11, 2016",2
Alan Sepinwall,True,HitFix,fresh,It's proven itself excellent enough in its own right that it should go on telling the Jimmy McGill story for as long as it can get away with it.,http://www.hitfix.com/whats-alan-watching/review-better-call-saul-shouldnt-be-in-a-rush-to-get-to-breaking-bad,"Feb 11, 2016",2
Chuck Bowen,True,Slant Magazine,fresh,The series is so casually beautiful as to risk being taken for granted.,http://www.slantmagazine.com/tv/review/better-call-saul-season-two,"Feb 8, 2016",2
Daniel D'Addario,True,TIME Magazine,fresh,"Sometimes giving up on your ideals isn't a flashy or dramatic process. Sometimes it's just a matter of settling, as seen through a pair of profoundly perceptive eyes.",http://time.com/4208309/better-call-saul-review-season-2/,"Feb 5, 2016",2
Liz Shannon Miller,True,indieWire,fresh,"In the first two episodes of Season 2, there's every indication that they'll be able to keep a good thing going.",http://www.indiewire.com/article/review-better-call-saul-season-2-might-just-break-our-hearts-in-a-good-way-20160128,"Jan 28, 2016",2
Brian Lowry,True,Variety,fresh,"For all the accolades the show has garnered, it likely will never match the highs its sire delivered; still, as season two begins, Saul has more than demonstrated that it can stand on its own",http://variety.com/2016/tv/reviews/better-call-saul-season-2-review-bob-odenkirk-jonathan-banks-breaking-bad-amc-1201685225/,"Jan 28, 2016",2
Nathan Mattise,False,Ars Technica,fresh,"...through three seasons, Better Call Saul has surprised viewers from every angle-its subtle tech-savvy included.",https://arstechnica.com/gaming/2018/08/no-lasers-or-linux-hacks-but-better-call-saul-remains-one-of-tvs-techiest-shows/,"Jul 28, 2021",3
Jude Brewer,False,Cultured Vultures,fresh,I liked how the show answered Chuck's recording of Jimmy being admissible in court. That made sense.,https://culturedvultures.com/better-call-saul-season-3-episode-1-review/,"Oct 8, 2019",3
Alan French,False,AwardsCircuit.com,fresh,"We're now in year 3 of the Better Call Saul experiment, and the show continues its march toward becoming one of the landmark series in television history.",http://www.awardscircuit.com/2017/04/11/tv-review-better-call-saul-continues-slow-burn-toward-breaking-bad/,"Oct 10, 2018",3
John Boland,False,Irish Independent,fresh,"Better Call Saul...remains the season's outstanding drama, just as it was in its previous three seasons.",https://www.independent.ie/entertainment/television/tv-reviews/not-every-tom-dick-and-harry-is-called-john-paul-37314640.html,"Sep 17, 2018",3
Eneko Ruiz Jimenez,False,El Pais (Spain),fresh,"Despite knowing the destination, the journey is still incredible. [Full Review in Spanish]",https://elpais.com/cultura/2017/05/07/television/1494147530_290177.html,"Jul 9, 2018",3
Sean Nelson,False,"The Stranger (Seattle, WA)",fresh,Better Call Saul continues to demonstrate that the forces that compel bad guys to do bad things are systemic and complex enough that good and bad may not be such useful designations in 21st-century America.,https://www.thestranger.com/film/2018/01/03/25680405/top-20-television-shows-of-2017,"Jan 5, 2018",3
Karl Puschmann,False,New Zealand Herald,fresh,"It oozes style, it prizes substance. It's meticulously crafted and flawlessly executed.",http://www.nzherald.co.nz/entertainment/news/article.cfm?c_id=1501119&objectid=11846380,"Dec 26, 2017",3
Jonathan Anderson,False,Starburst,fresh,"Ratings might be down for the third season of Breaking Bad prequel Better Call Saul, but the quality remains high.",https://www.starburstmagazine.com/reviews/better-call-saul-season-3,"Nov 28, 2017",3
Adam Nayman,True,Cinema Scope,fresh,"It's not a slight to the cast, however, to point out that some of the very best moments for these supporting players have as much-if not more-to do with the staging as with the delivery of dialogue.",http://cinema-scope.com/features/power-attorney-better-call-saul/,"Sep 28, 2017",3
Jac Kern,False,Cincinnati CityBeat,fresh,"The show is a rare prequel that stands up to the quality of the original, yet can be enjoyed on its own without having watched the source material.",http://www.citybeat.com/movies-tv/tv/article/20864027/saul-is-even-better-than-breaking-bad,"Sep 12, 2017",3
Terri Schwartz,False,IGN Movies,fresh,"Three seasons in, and Better Call Saul is fully hitting its stride. There's no better time for it, too, as the series is creeping ever closer to Jimmy McGill going full Saul Goodman.",http://www.ign.com/articles/2017/06/26/better-call-saul-season-3-review,"Jun 27, 2017",3
Rob Sheffield,True,Rolling Stone,fresh,"In its masterful third season, it really broke free from the shadow of its predecessor, as Bob Odenkirk added new dimensions of slime and shame to his portrayal of hustling lawyer Slippin' Jimmy McGill.",http://www.rollingstone.com/tv/lists/rob-sheffield-the-12-best-tv-shows-of-2017-so-far-w488597/the-americans-fx-w488911,"Jun 27, 2017",3
Jeff Jensen,True,Entertainment Weekly,fresh,"Better Call Saul is a show about how we become agents of our own destruction, in large part because of where we choose to store our treasure, which is to say, find our meaning.","Watts has enough shine to make Gypsy a wandering, adventurous character-study worth following.","Jun 26, 2017",3
Stephen Kelly,True,Guardian,fresh,"We already know Bob Odenkirk's Jimmy will become a lawyer so amoral it's played for laughs. And with that knowledge in place, Better Call Saul can tell a deeper story: the hows and whys of the journey, rather than the destination.",https://www.theguardian.com/tv-and-radio/2017/jun/20/better-call-saul-breaking-bad-vince-gilligan,"Jun 21, 2017",3
Sean T. Collins,True,Rolling Stone,fresh,"Saul does more than shake off the spin-off curse of contempt-breeding familiarity and diminishing returns -- it becomes a singular, slow-motion tragedy, a car-wreck that takes its time getting to the inevitable carnage.",http://www.popmatters.com/review/the-handmaids-tale-is-important-which-means-it-has-to-do-better/,"Jun 20, 2017",3
Alison Gillmor,False,Winnipeg Free Press,fresh,"Whatever way you position it, Better Call Saul is terrific TV, and it's starting to give Breaking Bad a run for its drug money.",http://www.winnipegfreepress.com/arts-and-life/entertainment/TV/emerging-from-breaking-bads-giant-shadow-420140713.html,"May 8, 2017",3
Brian Lowry,True,CNN.com,fresh,"So far, though, Saul has mastered that chemistry, holding up the legacy of its sire while carving out its own distinct footprint as the writers dole out story in tightly measured doses.",http://www.cnn.com/2017/04/10/entertainment/better-call-saul-season-3-review/index.html,"Apr 14, 2017",3
Pattie Pegler,False,Stuff.co.nz,fresh,"The writing is great, the characters are complex and three-dimensional -- you know, like people. And the story twists and turns are always impossible to predict.",http://www.stuff.co.nz/entertainment/tv-radio/91152041/tv-review-better-call-saul--simply-superb-drama,"Apr 12, 2017",3
Rob Lowman,False,Los Angeles Daily News,rotten,"Odenkirk is flat-out terrific at times, but the show hasn't kicked into gear for me.",http://www.dailynews.com/arts-and-entertainment/20170408/better-call-saul-kicks-off-a-new-season-with-sugar,"Apr 11, 2017",3
Brian Tallerico,True,RogerEbert.com,fresh,Better Call Saul remains one of the most confident shows of this decade.,http://www.rogerebert.com/demanders/familiar-faces-confident-character-work-define-third-season-of-better-call-saul,"Apr 10, 2017",3
Ken Tucker,False,Yahoo! TV,fresh,"Wicked and shrewd, Better Call Saul has the suspense of a thriller and the emotion of a family saga.",https://www.yahoo.com/tv/better-call-saul-s3-review-174428114.html,"Apr 10, 2017",3
Tim Goodman,True,Hollywood Reporter,fresh,"It's not a surprise that we will eventually get to Jimmy McGill becoming Saul Goodman, but it's certainly surprising just how heartbreaking that transformation has become.",http://www.hollywoodreporter.com/hr/film/reviews/index.jsp,"Apr 10, 2017",3
Erik Adams,True,AV Club,fresh,There's every reason to believe that showrunners Vince Gilligan and Peter Gould will continue to practice a sense of composure and control as Jimmy's chickens come to roost.,http://www.avclub.com/review/gus-fring-could-either-be-best-or-worst-thing-happ-253393,"Apr 10, 2017",3
Melanie McFarland,True,Salon.com,fresh,"Regardless of where we are in this strange voyage, it's obvious that Gilligan and Gould are accelerating Jimmy toward his grimmer future.",http://www.salon.com/2017/04/10/you-will-pay-season-3-of-better-call-saul-accelerates-into-the-dark/,"Apr 10, 2017",3
Kristi Turnquist,False,Oregonian,fresh,"Better Call Saul is made with craft and care, and it's obvious everyone involved wants the show to be a fitting companion piece to Breaking Bad. Here's hoping Season 3 gets things moving in that direction.",http://www.oregonlive.com/tv/2017/04/better_call_saul_begins_season.html#incart_river_index,"Apr 10, 2017",3
Charles Steinberg,False,Under the Radar,fresh,"The third season of AMC's Better Call Saul is at once cementing its well deserved independence from its legendary predecessor Breaking Bad, while looking to draw ever closer to that show's dramatic pitch.",http://www.undertheradarmag.com/reviews/better_call_saul_season_3/,"Apr 10, 2017",3
Spencer Kornhaber,True,The Atlantic,fresh,"[It's] becoming clearer that Saul is in part about patience and fastidiousness: ""the devil is in the details"" elevated to mythology.",https://www.theatlantic.com/entertainment/archive/2017/04/better-call-saul-season-3-review-details-patience/522138/,"Apr 10, 2017",3
David Bianculli,True,NPR,fresh,"Better Call Saul is the best drama series on TV, just as Breaking Bad was in its time.",http://www.npr.org/2017/04/10/523279991/better-call-saul-launches-its-3rd-season-still-the-best-drama-series-on-tv,"Apr 10, 2017",3
Mark Dawidziak,False,Cleveland Plain Dealer,fresh,It feels like another impressive landscape designed by writer-executive producer Vince Gilligan -- an expansive place where great actors are allowed to dazzle us with great performances.,http://www.cleveland.com/tv-blog/index.ssf/2017/04/call_better_call_saul_amcs_best_show.html#incart_river_index,"Apr 10, 2017",3
Rob Owen,False,Pittsburgh Post-Gazette,fresh,"It's definitely a slow-burn start to season three, but aspects of episode two suggest viewer patience will be rewarded - eventually.",http://communityvoices.post-gazette.com/arts-entertainment-living/tuned-in/item/40746-better-call-saul-returns-for-season-3,"Apr 10, 2017",3
Matt Melis,False,Consequence,fresh,"There are plenty of reasons to have faith in Gilligan and Gould's judgment; thus far, two seasons and a couple episodes with only a few hiccups stand as incredibly strong evidence.",https://consequenceofsound.net/2017/04/better-call-saul-inches-towards-breaking-bad-on-its-own-terms/,"Apr 10, 2017",3
Juliet Kleber,True,The New Republic,fresh,"Better Call Saul takes the best elements of Breaking Bad-the cinematography, the masterful directing, and some of the show's best characters-and strips away the pretension that weighed it down.",https://newrepublic.com/article/141905/better-call-saul-spinoff-surpasses-origin-story,"Apr 7, 2017",3
Alan Sepinwall,True,Uproxx,fresh,"All we can do is travel along it with these superb actors and the gifted writers, directors, and editors who keep the train moving, trusting that we'll be wildly entertained even as it takes us someplace we keep hoping it won't.",http://uproxx.com/sepinwall/better-call-saul-review-season-three-gus-fring-breaking-bad-recap/,"Apr 7, 2017",3
Verne Gay,True,Newsday,fresh,Spectacular season that officially ranks Saul with Breaking Bad.,http://www.newsday.com/entertainment/tv/better-call-saul-season-3-finale-abides-good-v-evil-theme-1.13745110,"Apr 7, 2017",3
Chuck Bowen,True,Slant Magazine,fresh,"As always, the series expects and rewards attention.",http://www.slantmagazine.com/tv/review/better-call-saul-season-three,"Apr 6, 2017",3
Angela Lutz,True,Village Voice,fresh,"This season seems primed to maintain this meditative pace, with Jimmy and Mike both in the middle of seismic and irreversible shifts in their personal and professional lives - meaning, of course, that each is ""breaking bad"" in his own right.",http://www.villagevoice.com/film/better-call-saul-finds-its-hero-striving-to-break-free-of-breaking-bad-9847674,"Apr 4, 2017",3
Allison Keene,True,Collider,fresh,"There's something about Jimmy that is so specifically spellbinding, both in his calculated charm and his vulnerability. Even with Breaking Bad encroaching, one shouldn't be so quick want to leave Slippin' Jimmy behind.",http://collider.com/better-call-saul-season-3-review/,"Apr 4, 2017",3
Liam Mathews,False,TV.com,fresh,"It may take awhile to get there, but it'll be worth it when it arrives, and the journey there sure was pretty, wasn't it?",http://www.tv.com/news/better-call-saul-season-3-gets-off-to-a-slow-start-14906535260033934/,"Mar 28, 2017",3
Liz Shannon Miller,True,indieWire,fresh,"It's honestly weird how Better Call Saul, a show based on the premise of a halfway decent lawyer becoming a completely corrupt crook, is one of the most ethically engaged shows on television.",http://www.indiewire.com/2017/03/better-call-saul-season-3-review-1201797211/,"Mar 27, 2017",3
Stephen Puddicombe,False,We Got This Covered,fresh,"Better Call Saul remains as singularly distinctive as ever, even as it moves closer to the world of its parent show Breaking Bad.",http://wegotthiscovered.com/tv/better-call-saul-season-3-review/,"Mar 26, 2017",3
Mikel Zorrilla,False,Espinof,fresh,The transformation of Jimmy McGill's into Saul Goodman is proving to be a much more exciting journey than I ever expected. [Full Review in Spanish],https://www.espinof.com/criticas/better-call-saul-cierra-su-extraordinaria-temporada-4-paso-retorno-para-su-protagonista,"Jul 3, 2019",4
Stuart Heritage,True,Guardian,fresh,What an amazing show it has become. It now has a sense of self that puts it above almost everything else on television.,https://www.theguardian.com/tv-and-radio/2018/oct/11/sall-good-man-how-better-call-saul-became-superior-to-breaking-bad,"Dec 22, 2018",4
Pratim D. Gupta,False,Film Companion,fresh,"If you've been a fan of Breaking Bad and found the official prequel nothing like the mother show, especially its titular character, well, things have been changing and changing fast.",https://www.filmcompanion.in/now-streaming-this-week-15-december-best-shows-of-2018,"Dec 20, 2018",4
Pablo Fernandez,False,Vix,fresh,"Like Wile E. Coyote pursuing the Road Runner, Jimmy McGill doesn't realize he's falling from a high cliff. Unless until he looks down. [Full review in Spanish]",https://www.vix.com/es/series/208946/better-call-saul-temporada-4-un-paso-mas-cerca-del-abismo-y-de-breaking-bad,"Dec 10, 2018",4
Chris Ryan,False,The Ringer,fresh,"Why did Peter Gould and Vince Gilligan make a Breaking Bad prequel show about secondary Breaking Bad characters? Because they are really, really good at doing it.",https://www.theringer.com/tv/2018/12/3/18122854/best-television-shows-of-2018,"Dec 6, 2018",4
Judy Berman,True,TIME Magazine,fresh,"In showing us one individual's preordained moral downfall, Better Call Saul spent Season 4 demonstrating how a hypocritical criminal justice system can ensnare a whole class of people for life.",http://time.com/5419078/better-call-saul-season-4-justice-system-finale/,"Oct 10, 2018",4
Emily St. James,True,Vox,fresh,"Yet I loved the way the series slowly shifted its focus so that in some ways, its true protagonist is Kim, the character who still has a chance to escape the rapidly decaying orbit Jimmy finds himself trapped in.",https://www.vox.com/culture/2018/10/8/17953112/better-call-saul-season-4-finale-recap-winner-goodman,"Oct 10, 2018",4
Alan French,False,AwardsCircuit.com,fresh,"It's no longer in the shadow of Breaking Bad. Instead, Better Call Saul has taken it's rightful place as one of the best dramas on television.",http://www.awardscircuit.com/2018/08/17/tv-review-better-call-saul-allows-grief-and-anger-to-rise-to-the-next-level/,"Oct 10, 2018",4
Richard von Busack,False,MetroActive,fresh,Every episode seems like a calling card film for some aspiring director-the cinematography and the art direction are labored-over in a way that's rare in the movies now.,http://www.metroactive.com/movies/Better-Call-Saul-0912.html,"Sep 13, 2018",4
Natalia Marcos,False,El Pais (Spain),fresh,Saul Goodman is simmering. And that's why his series is so good. [Full Review in Spanish],https://elpais.com/cultura/2018/08/29/television/1535566087_291678.html,"Aug 30, 2018",4
Jacob Oller,False,Paste Magazine,fresh,"As the series' fourth season inflicts real tragedy upon its characters, it's a catalyst for listlessness-and in Better Call Saul, idle hands are the Devil's workshop in BCS and everyone's open for business.",https://www.pastemagazine.com/articles/2018/08/why-better-call-saul-is-a-masterpiece-of-the-midli.html,"Aug 27, 2018",4
Alci Rengifo,False,Entertainment Voice,fresh,"It is a fascinating profile of interesting characters, now offered to us again on an interesting plate of dark consciences.",http://entertainmentvoice.com/2018/08/06/better-call-saul-quiet-tension-and-major-confessions-open-season-4/,"Aug 24, 2018",4
Andy Greenwald,False,The Watch,fresh,"They have a pretty good sense of when to give the candy, and when not to, and I don't think they'll overplay their hand. It also makes me appreciate a character like Nacho...",https://www.theringer.com/2018/8/20/17762664/better-call-saul-is-back-plus-reviewing-summer-movies,"Aug 23, 2018",4
John Boland,False,Irish Independent,fresh,Given the inventive skills of Gilligan and Gould and the marvelous playing by Bob Odenkirk as Jimmy...I remain just as hooked now as when it began over three years ago.,https://www.independent.ie/entertainment/television/tv-reviews/review-hume-film-fails-to-provide-a-full-picture-of-complex-peacemaker-37201638.html,"Aug 14, 2018",4
Hugo Rifkind,True,Times (UK),fresh,"And for me, for whatever reason, this is as good as it all gets. Not just TV as the new novel, but as something far beyond.",https://www.thetimes.co.uk/article/tv-review-giles-smith-on-travels-in-trumpland-with-ed-balls-3m3ssrl7n,"Aug 13, 2018",4
James Jackson,True,Times (UK),fresh,"There isn't another show that so willingly risks your devotion, only to win it unconditionally.",https://www.thetimes.co.uk/article/tv-review-horizon-jupiter-revealed-better-call-saul-mqjdthgr3,"Aug 8, 2018",4
Brandon Katz,False,The Young Folks,fresh,"Don't put a hat on a hat, at least not yet. Better Call Saul can and has stood on its own two feet; like Jimmy, it doesn't need any more help from its big brother.",http://observer.com/2018/08/better-call-saul-breaking-bad-crossover-vince-gilligan-amc/,"Aug 8, 2018",4
Tim Surette,False,TV Guide,fresh,"It's time that we really consider that Better Call Saul is equalling the quality of Breaking Bad, and in some ways is doing things even better.",https://www.tvguide.com/news/better-call-saul-season-4-review/,"Aug 7, 2018",4
James Poniewozik,True,New York Times,fresh,"Better Call Saul is telling a smaller story, yet - for better and less-better - it feels like it just got started.",https://www.nytimes.com/2018/10/08/arts/television/season-4-finale-better-call-saul.html?rref=collection%2Fsectioncollection%2Ftelevision,"Aug 7, 2018",4
Kevin Yeoman,False,Screen Rant,fresh,"What Saul does, maybe better than any other show on TV right now, is make Jimmy's fabrication of this new persona somehow gut-wrenching and tragic, rather than depict it as the triumphant emergence of the show's title character.",https://screenrant.com/better-call-saul-season-4-premiere-review/,"Aug 7, 2018",4
Spencer Kornhaber,True,The Atlantic,fresh,"Old dynamics flip, long-gestating character studies pay off, and feelings geyser up in surprising places.",https://www.theatlantic.com/entertainment/archive/2018/08/tragedy-has-reinvigorated-better-call-saul/566861/?utm_source=feed,"Aug 7, 2018",4
Matt Zoller Seitz,True,New York Magazine/Vulture,fresh,"What a sad and beautiful show Better Call Saul is. It's a lament for squandered human potential that's too cool to ever use a word like ""lament,"" and a portrait of actions and consequences that goes far beyond simplistic finger wagging.",http://www.vulture.com/2018/10/better-call-saul-season-4-finale-review.html,"Aug 6, 2018",4
Brian Tallerico,True,RogerEbert.com,fresh,"It's fascinating to watch all of this emotional, character-driven drama unfold against a backdrop of a battle for power in the drug trade in New Mexico... Nothing feels perfunctory or thrown away on this show, even the smallest details.",https://www.rogerebert.com/demanders/amcs-masterful-better-call-saul-returns,"Aug 6, 2018",4
Lili Loofbourow,True,Slate,fresh,"The scenes should be drab, but the work is so lovingly filmed that you come away convinced that making a Classic Roll would feel like a consummate human achievement.",https://slate.com/culture/2018/08/better-call-saul-season-4-is-still-thankfully-obsessed-with-the-mundane.html,"Aug 6, 2018",4
Charles Bramesco,True,Guardian,fresh,"Gilligan's skill as a storyteller has always been to wriggle out of corners he's painted himself into, and with McKean's departure from the cast, he turned what could've been a fatal blow into an opportunity for reflection and growth.",https://www.theguardian.com/tv-and-radio/2018/aug/06/better-call-saul-breaking-bad-vince-gilligan,"Aug 6, 2018",4
Mark Dawidziak,False,Cleveland Plain Dealer,fresh,"If this isn't the best drama currently on television, it's in solid consideration for that honor... Unlike many dramas, Better Call Saul is anything but static when dealing with character development. Actions have consequences in Gilligan's world.",https://www.cleveland.com/tv-blog/index.ssf/2018/08/return_of_better_call_saul_well_worth_the_wait.html#incart_river_index,"Aug 6, 2018",4
Allison Keene,True,Collider,fresh,"The new season reminds us this is one of TV's most precisely-crafted dramas, starting off slowly and somberly, full of silence and tension for its dogged leads.",http://collider.com/better-call-saul-season-4-review/,"Aug 6, 2018",4
Taylor Antrim,False,Vogue,fresh,Odenkirk has never been better; he somehow makes compartmentalization gripping.,https://www.vogue.com/article/why-you-need-to-be-watching-better-call-saul-tvs-most-underrated-drama,"Aug 3, 2018",4
Tim Goodman,True,Hollywood Reporter,fresh,"The transmutation of Jimmy to Saul is likely to produce the best balance of darkness and humor that the series has mustered, if for nothing else than there's a gleeful appreciation on the part of the audience for Saul's shenanigans.",https://www.hollywoodreporter.com/review/better-call-saul-season-4-review-1132008,"Aug 3, 2018",4
Michael Starr,True,New York Post,fresh,"Sunday's episode, ""Smoke,"" is well-written and hews closely to the show's mythology and tropes, including its Emmy-nominated cinematography... and its innovative camera work, which can be overdone at times.",https://nypost.com/2018/08/02/the-return-of-better-call-saul-was-worth-the-wait/,"Aug 3, 2018",4
Norman Wilner,False,NOW Toronto,fresh,The unhurried thriller built on incremental moral decay is like nothing else on television.,https://nowtoronto.com/movies/tv-and-streaming/review-better-call-saul-fourth-season/,"Aug 1, 2018",4
Erik Adams,True,AV Club,fresh,It's not as if Better Call Saul's ability to balance these attributes is coming out of nowhere. What's surprising and thrilling is how organically it's happening.,https://tv.avclub.com/better-call-saul-hits-new-heights-by-finding-the-chemis-1827877785,"Aug 1, 2018",4
Verne Gay,True,Newsday,fresh,"The precision of Saul craftsmanship -- writing, direction, acting, and all the way down to craft services, for all I know -- makes this the best series on TV. And there really is no contest.",https://www.newsday.com/entertainment/tv/better-call-saul-review-1.20224789,"Aug 1, 2018",4
Alec Bojalad,False,Den of Geek,fresh,A uniquely American television world in which it's impossible to not tell a compelling story... It's the storytelling infrastructure. It can no longer fail - it has ceased to have the capacity to be anything other than one of TV's best shows.,http://www.denofgeek.com/us/tv/better-call-saul/275256/better-call-saul-season-4-review-spoiler-free,"Jul 31, 2018",4
Kristen Baldwin,True,Entertainment Weekly,fresh,"This is the quiet drama Saul thrives on. Odenkirk conveys so much with so little - a furrowed brow, an aimless stare into space - that he's made the inner life of Jimmy McGill as rich and expressive as the outer bombast of Saul Goodman.",http://ew.com/tv/2018/07/23/better-call-saul-season-4-review/,"Jul 24, 2018",4
Darren Franich,True,Entertainment Weekly,fresh,"I'm left with the feeling that the Gus Fring scenes in Better Call Saul are the dark-drama equivalent of the horrible Darth Vader scenes in Rogue One, this looming figure of evil awesomeness brought out of retirement to emanate coolness fumes.",http://ew.com/tv/2018/07/23/better-call-saul-season-4-review/,"Jul 24, 2018",4
Ben Kuchera,False,Polygon,fresh,"A series about who we are, who other people expect us to be, and who we'd like to become... I'm still hoping that Kim is somehow able to escape Goodman's toxic gravity.",https://www.polygon.com/2021/4/5/22367918/what-to-watch-amazon-invincible-monsterverse-movies,"Apr 6, 2021",5
David Griffin,False,IGN Movies,fresh,"Peter Gould's stellar direction leads to some really cool camera shots, which heighten the action and suspense as Lalo fights for his life.",https://www.ign.com/articles/better-call-saul-season-5-episode-10-finale-review,"Dec 22, 2020",5
Melanie McFarland,True,Salon.com,fresh,"It's been a profound, gripping journey through each of its seasons, and I would even posit that the series achieves the rare feat of meeting and in some ways exceeding Breaking Bad in the evenness of its plot development and storytelling.",https://www.salon.com/2020/04/21/the-better-call-saul-point-of-no-return-jimmy-mcgill-is-dead-and-saul-goodman-rises/,"Dec 22, 2020",5
Tim Surette,False,TV Guide,fresh,Maybe we've already seen how Gene's tragic story ends because it never ends: He's a con man who has lost all his confidence. The irony is tragic.,https://www.tvguide.com/news/better-call-saul-season-5-premiere-magic-man-recap-saul-goodman/,"Dec 22, 2020",5
Kyle Mullin,False,Under the Radar,fresh,"A swan song cameo from a Hollywood legend, and yet another eerily gripping black and white flash forward of Jimmy's grim future, all make ""Magic Man"" a season premiere that more than lives up to its name.",http://www.undertheradarmag.com/reviews/better_call_saul_season_5_episode_1_magic_man,"Dec 22, 2020",5
Louis Chilton,True,Independent (UK),fresh,"A tense, enthralling hour of shifting identities, simmering grudges, and tying up loose ends.",https://www.independent.co.uk/arts-entertainment/tv/reviews/better-call-saul-season-5-episode-1-recap-netflix-magic-man-amc-breaking-bad-a9355176.html,"Dec 22, 2020",5
Josh Wilding,False,ComicBookMovie.com,fresh,"The consistently excellent Better Call Saul still has a little too much filler, but the series remains a worthy follow-up to Breaking Bad, and ""Magic Man"" points to this penultimate season setting the stage for a must-see final two years.",https://www.comicbookmovie.com/tv/amc/better-call-saul-season-5-premiere-spoiler-free-review-it-remains-a-worthy-follow-up-to-breaking-bad-a173440,"Dec 22, 2020",5
Nick Venable,False,CinemaBlend,fresh,"With so much attention on the past, though, the episode's most intriguing scene was arguably the Gene-centric flash-forward that kicked everything off.",https://www.cinemablend.com/television/2490703/better-call-saul-premiere-bob-odenkirk-and-the-creators-on-genes-cold-open-and-that-lovely-cameo?pv=related_list,"Dec 22, 2020",5
Akhil Arora,False,Gadgets360,fresh,"It's a shame then that both [Bob] Odenkirk and [Rhea] Seehorn are overlooked for the work that they do. Forget being nominated, they deserved to win the acting Emmys.",https://gadgets.ndtv.com/entertainment/features/best-web-series-2020-streaming-tv-top-10-2335308,"Dec 16, 2020",5
Alvaro Corujo,False,nostagefright.net,fresh,"This last season was amazing. Only Vince Gilligan could match the best version of Vince Gilligan. After the El Camino disaster, this season is perfect. Better Call Saul equals Breaking Bad. [Full review in Spanish]",https://www.nostagefright.net/better-call-saul-iguala-a-breaking-bad-en-su-quinta-temporada/,"Sep 24, 2020",5
Victor Pineyro,False,Seventh Art Studio,fresh,This is television to the highest of levels. Absolute masterpiece. [Full review in Spanish],http://seventhartstudio.com/better-call-saul-temporada-5-2020-resena/,"Aug 20, 2020",5
Karl Puschmann,False,New Zealand Herald,fresh,Getting from the 'there' of season one all the way to the 'here' of season five has been the slowest wild ride imaginable. But also one of the most rewarding.,https://www.nzherald.co.nz/television/news/article.cfm?c_id=339&objectid=12326882,"Apr 24, 2020",5
Jeremy Jahns,False,JeremyJahns.com,fresh,The show just gets better and better as it goes on.,https://www.youtube.com/watch?v=Qr9GxrtonhI,"Apr 23, 2020",5
Milagros Amondaray,False,La Nacin (Argentina),fresh,Flawless. That is the only way to describe the fifth season of Better Call Saul. [Full Review in Spanish],https://www.lanacion.com.ar/espectaculos/series-de-tv/better-call-saul-final-quinta-temporada-mejores-nid2354191,"Apr 22, 2020",5
Huw Saunders,False,Cultured Vultures,fresh,"It's a prequel, and we still can't be entirely sure how we're going to leave off on them - a rare achievement indeed.",https://culturedvultures.com/better-call-saul-s5-review/,"Apr 22, 2020",5
Sonia Saraiya,True,Vanity Fair,fresh,"Yet even as Saul reaches wider, it also assembles its scenes with painstaking care. This is a show of staggering moments, strung together on threads that span years.",https://www.vanityfair.com/hollywood/2020/04/better-call-saul-quarantine-tv,"Apr 21, 2020",5
Ian Thomas Malone,False,Ian Thomas Malone,fresh,Season five represents a high point for the series as Better Call Saul juggles obligations to its predecessor against its own established lore.,https://ianthomasmalone.com/2020/04/better-call-saul-looks-to-the-endgame/,"Apr 20, 2020",5
Rafael Motamayor,True,Observer,fresh,"He'll probably remain on the sideline, being called upon to do small things, but it's clear now that we're past the point where we had a show about Jimmy McGill and also a Breaking Bad prequel.",https://observer.com/2020/04/better-call-saul-bad-choice-road-season-5-episode-9/,"Apr 16, 2020",5
Chris McCoy,False,Memphis Flyer,fresh,Better Call Saul's effortless virtuosity gives you what you really want out of a prequel - a chance to return to a familiar world and live there for a little while.,https://www.memphisflyer.com/FilmTVEtcBlog/archives/2020/04/03/better-call-saul-puts-on-a-tv-masterclass,"Apr 3, 2020",5
Sankhayan Ghosh,False,Film Companion,fresh,"Bob Odenkirk, with his mix of nervous energy and goofball antics, is fantastic as usual. But for me, Rhea Seehorn's performance has been a revelation.",https://www.filmcompanion.in/better-call-saul-season-5-review-bob-odenkirk-netflix-breaking-bad/,"Mar 26, 2020",5
Alan French,False,AwardsCircuit.com,fresh,Every episode flies by with the unique blend of character development and action sequences. The dual storylines remain endlessly entertaining.,https://www.awardscircuit.com/tv-review-better-call-saul/,"Mar 21, 2020",5
Euan Ferguson,False,Observer (UK),fresh,Better Call Saul continues to be the consistently underrated best thing on Netflix since the start of its penultimate series a few weeks ago. It's bowling along with its slow but unstoppable momentum.,https://www.theguardian.com/tv-and-radio/2020/mar/15/breeders-tv-review-the-trouble-with-maggie-cole-child-of-our-time-better-call-saul,"Mar 16, 2020",5
John Boland,False,Irish Independent,fresh,"All of Kim's concerns about this disturbing new Jimmy were captured in Seehorn's nuanced, subtle but very affecting playing.",https://www.independent.ie/entertainment/television/tv-reviews/john-bolands-week-in-tv-rhea-seehorn-is-beating-heart-of-unbeatable-better-call-saul-38997389.html,"Mar 2, 2020",5
Hugo Rifkind,True,Times (UK),fresh,"Less cartoony and schlocky than BB, it's altogether deeper, slower and cleverer.",https://www.thetimes.co.uk/article/the-windsors-review-im-not-quite-convinced-that-the-royals-deserve-this-parody-nz0skn7t7,"Mar 2, 2020",5
Alci Rengifo,False,Entertainment Voice,fresh,"The style of ""Better Call Saul"" remains consistent and eschews fast action for patient, almost meditative scenes driven by pure dialogue and tension.",http://entertainmentvoice.com/2020/02/24/better-call-saul-season-5-begins-its-sagas-dark-endgame/,"Feb 28, 2020",5
Rob Owen,False,Pittsburgh Post-Gazette,fresh,"The ""Breaking Bad"" prequel series that completely stands on its own as a character-driven thriller, returns after an extended absence for its 10-episode fifth season, just as excellent as it's always been.",http://communityvoices.post-gazette.com/arts-entertainment-living/tuned-in/item/41674-better-than-ever-better-call-saul-returns-on-amc,"Feb 26, 2020",5
Joshua Rivera,False,The Verge,fresh,"The hows and whys of Better Call Saul's downward slide feel more vital and relevant, perhaps because they are more tragic.",https://www.theverge.com/2020/2/25/21153114/better-call-saul-season-5-review-amc-breaking-bad,"Feb 26, 2020",5
Mikel Zorrilla,False,Espinof,fresh,These first two chapters of its fifth season have been a great reminder that very few series today play in the same league. [Full Review in Spanish],https://www.espinof.com/criticas/better-call-saul-confirma-su-estupenda-temporada-5-que-mejores-series-actualidad,"Feb 25, 2020",5
Alastair McKay,True,London Evening Standard,fresh,"Saul is, by profession, a poster boy for getting away with things, and the beauty of the character is the way he is defined by his haplessness.",https://www.standard.co.uk/stayingin/tvfilm/better-call-saul-review-netflix-a4371001.html,"Feb 25, 2020",5
Jen Chaney,True,New York Magazine/Vulture,fresh,"Like so much else in this season of Better Call Saul, that makes watching a more consistently nerve-wracking experience than usual, in the best, albeit still anxiety-provoking way.",https://www.vulture.com/2020/02/better-call-saul-season-5-review.html,"Feb 24, 2020",5
Mark Dawidziak,False,Cleveland Plain Dealer,fresh,One of the best shows of any kind anywhere on television.,https://www.cleveland.com/entertainment/2020/02/better-call-saul-still-one-of-tvs-best-shows-as-fifth-season-proves.html,"Feb 24, 2020",5
Taylor Antrim,False,Vogue,fresh,It's a tribute to Gilligan and Gould's talent for quiet and methodical storytelling that they took their time proving the skeptics wrong.,https://www.vogue.com/article/better-call-saul-season-5-review,"Feb 24, 2020",5
Andrew Bloom,False,Consequence,fresh,"It's a treat to see the real Saul Goodman back in action once again, but it's also sad.",https://consequenceofsound.net/2020/02/tv-review-better-call-saul-season-5/,"Feb 24, 2020",5
Alex Maidy,False,JoBlo's Movie Network,fresh,"Much like Walter White's transformation from vibrant to dark, this series gives us Jimmy's nondescript and muted suits blooming into the vibrant and over the top persona we have been waiting to see.",https://www.joblo.com/movie-news/tv-review-better-call-saul-season-5,"Feb 24, 2020",5
Eric Deggans,True,NPR,fresh,"The new season proves ""Better Call Saul"" remains one of the finest shows on television, with visually ambitious storytelling used to depict complex characters headed for a tragic end.",https://www.npr.org/2020/02/21/808016614/review-season-5-begins-friday-for-better-call-saul,"Feb 24, 2020",5
Dan Fienberg,True,Hollywood Reporter,fresh,"The writers haven't always known how to position his personal choices and make them sympathetic, but these episodes do, especially as they've underlined how Nacho is almost the intersection of Lalo and Gus' polar personalities.",https://www.hollywoodreporter.com/review/better-call-saul-review-1280467,"Feb 24, 2020",5
Mike Hale,True,New York Times,fresh,"So in Season 5, the best thing about ""Better Call Saul"" is still its minimalism, its quiet spaces, its willingness to linger on details, like a frazzled prosecutor's struggle to get a bag of chips out of a courthouse vending machine.",https://www.nytimes.com/2020/02/21/arts/television/better-call-saul-review.html,"Feb 24, 2020",5
Ben Travers,True,indieWire,fresh,"All of these consistently astonishing formal touches combine to create a value that outweighs the pain. Yes, ""Better Call Saul"" is a double-edged sword of reward and loss, but it isn't too sad to watch because you're too invested to look away.",https://www.indiewire.com/2020/02/better-call-saul-review-season-5-1202212194/,"Feb 21, 2020",5
Brian Lowry,True,CNN.com,fresh,"Although the prequel is running out of room, the AMC drama continues to achieve a dazzling balancing act in building toward an ending that is, in some ways, a beginning.",https://www.cnn.com/2020/02/21/entertainment/better-call-saul-review/index.html,"Feb 21, 2020",5
Kristi Turnquist,False,Oregonian,fresh,Based on the first four episodes available for preview - has a confidence and sense of forward motion that are dynamic and satisfying.,https://www.oregonlive.com/entertainment/2020/02/better-call-saul-season-5-jimmys-slide-into-saul-goodman-sleaze-promises-the-best-season-yet-review.html,"Feb 20, 2020",5
Brad Newsome,True,Sydney Morning Herald,fresh,"Better Call Saul returns with loads of color, swagger, and pitch-black humor.",https://www.smh.com.au/culture/tv-and-radio/new-jukebox-musical-dramedy-won-t-top-any-charts-but-it-s-a-bit-of-fun-20200217-p541hj.html,"Feb 19, 2020",5
Verne Gay,True,Newsday,fresh,The best show on TV remains - emphatically - the best.,https://www.newsday.com/entertainment/tv/better-call-saul-review-1.41945212,"Feb 18, 2020",5
Norman Wilner,False,NOW Toronto,fresh,"Gould and Gilligan have turned Better Call Saul into a gripping meditation on character and destiny, and in Odenkirk they've found a leading man very nearly as compelling and complex as Bryan Cranston. It's just that he wears louder shirts.",https://nowtoronto.com/movies/reviews/better-call-saul-season-5-bob-odenkirk/,"Feb 18, 2020",5
Darren Franich,True,Entertainment Weekly,fresh,"Better Call Saul is just like that proverbial dropped dessert: flavorful, chilling, its colorful sweetness melting and devoured in the unforgiving desert sun.",https://ew.com/tv-reviews/2020/02/17/better-call-saul-season-5-review/,"Feb 18, 2020",5
Tim Appelo,False,AARP Movies for Grownups,fresh,"If you're a fan, you're going to love this season",https://www.aarp.org/entertainment/television/info-2019/what-to-watch-on-tv.html?intcmp=AE-ENT-BB,"Feb 18, 2020",5
Daniel D'Addario,True,Variety,fresh,"Better Call Saul, in the early going of its fifth and penultimate season, remains the picture of white-knuckled but real restraint.",https://variety.com/2020/tv/reviews/better-call-saul-season-5-review-1203499842/,"Feb 12, 2020",5
Chris Evangelista,False,Slashfilm,fresh,What a wonder this show is. The world of TV will be worse off when it's gone,https://www.slashfilm.com/better-call-saul-season-5-review/,"Feb 6, 2020",5
Kelly Connolly,False,TV Guide,fresh,This is why Better Call Saul is better at being a prequel than other prequels are: It understands that the tragedy of fate is baked into the story.,https://www.tvguide.com/news/better-call-saul-review-jimmy-becomes-saul-goodman-season-5/?ftag=TVG-10-10aaa0a,"Feb 6, 2020",5
Gabriel Bergmoser,False,Den of Geek,fresh,"As usual, ""Saul"" operates with confidence and impeccable craft, sticking to its always steady pace while reminding the audience how far these characters have come, and in many cases, fallen.",https://www.denofgeek.com/us/tv/amc/285677/better-call-saul-season-5-review,"Feb 5, 2020",5
Liz Shannon Miller,True,Paste Magazine,fresh,"Odenkirk, as always, continues to find new things to explore about this character he's now been playing for 11 years.",https://www.pastemagazine.com/articles/2020/02/better-call-saul-season-5-review.html,"Feb 5, 2020",5
Adam Chitwood,False,Collider,fresh,"Better Call Saul is revealing itself to be a possibly even better series, and one with more nuance. In addition to the thematic complexity, the direction and execution of this series is unparalleled by anything on television right now.",https://collider.com/better-call-saul-season-5-review/,"Feb 5, 2020",5
Miles Surrey,False,The Ringer,fresh,"The thrilling midseason finale brings two important characters to Jimmys doorstep, with their fates previewing where the series will go in its final episodes...",https://www.theringer.com/2022/5/23/23138597/better-call-saul-season-6-midseason-finale-howard-lalo,"May 27, 2022",6
Mikel Zorrilla,False,Espinof,fresh,It has remained faithful to that restrained rhythm... but the time has come to blow everything up. [Full review in Spanish],https://www.espinof.com/criticas/better-call-saul-hace-saltar-todo-aires-impactante-final-primera-parte-su-temporada-6,"May 25, 2022",6
Matt Roush,False,TV Insider,fresh,Michael Mando truly rose to the occasion.,https://www.tvinsider.com/1041928/ask-matt-better-call-saul-nacho-the-thing-about-pam-goldbergs-celebrity-iou/,"May 5, 2022",6
Kevin Carr,False,Fat Guys at the Movies,fresh,You do feel like there's a trajectory. You do feel like it's coming to an end... It is a powerful show and very well put together.,https://www.fatguysatthemovies.com/episode-784-more-tv-than-movies/,"Apr 29, 2022",6
Liz Shannon Miller,True,Consequence,fresh,"While its choices may fall under new scrutiny once the seasons over, this episode is a staggering achievement, giving one character the showcase he deserves before the fate he cant outrun arrives.",https://consequence.net/2022/04/better-call-saul-season-6-episode-3-recap/,"Apr 29, 2022",6
Brad Newsome,True,Sydney Morning Herald,fresh,"Now in its final season, Better Call Saul remains just as expansively cinematic and claustrophobically tense as ever it was, with creators Vince Gilligan and Peter Gould still masters of their desert domain.",https://www.smh.com.au/culture/tv-and-radio/engrossing-tv-top-notch-cast-takes-us-behind-famous-us-presidents-20220420-p5aeyh.html,"Apr 28, 2022",6
Roger Catlin,False,rogercatlin.com,fresh,"Its clear the show runners are getting better and better at making great TV, while the actors slightly undermine the story by looking older now in the prequel than they did in the main series.",https://rogercatlin.com/2022/04/18/monday-tv-better-call-saul-comes-back/,"Apr 23, 2022",6
Nick Schager,True,The Daily Beast,fresh,"Vince Gilligan, Bob Odenkirk and company are firing on all cylinders in the AMC shows final season...",https://www.thedailybeast.com/better-call-saul-season-6-opens-in-explosive-masterful-fashion,"Apr 22, 2022",6
Alex Maidy,False,JoBlo's Movie Network,fresh,"To make a final season the best of a series is a near-impossible task, but by keeping this story level, consistent, and wonderfully written, this cast of characters takes a fairly straightforward story and makes it as intricate as any of Jimmys cons.",https://www.joblo.com/better-call-saul-season-6-tv-review/,"Apr 22, 2022",6
Lauren Coates,False,Culturess,fresh,Season six is yet another reminder that Better Call Saul has not only stepped out from under Breaking Bads shadow but developed a confident identity as its own series chronicling the slow and steady demise of its protagonists.,https://culturess.com/2022/04/21/better-call-saul-season-6-review/,"Apr 21, 2022",6
Kshitij Rawat,False,The Indian Express,fresh,"Everything that made its earlier seasons fantastic is here in season 6, only turned up to 11. The acting is still phenomenal, the writing is top-notch, the cinematography remains stunning yet understated, and the subtle touches and motifs are all there.",https://indianexpress.com/article/entertainment/television/better-call-saul-season-6-first-impression-descent-into-devilry-was-never-this-delicious-satisfying/,"Apr 21, 2022",6
Melanie McFarland,True,Salon.com,fresh,"It's still the most extraordinary, riveting drama on TV, substantially because of its emphasis on showing and implying before scripting what it's thinking.",https://www.salon.com/2022/04/18/better-call-saul-review-amc/,"Apr 21, 2022",6
Louis Chilton,True,The Atlantic,fresh,"The devil is in the details, but so is everything else. Its a pleasure to be three steps behind.",https://www.independent.co.uk/arts-entertainment/tv/reviews/better-call-saul-review-6-b2058271.html,"Apr 21, 2022",6
Hugo Rifkind,True,Times (UK),fresh,"Without wanting to sound grandiose, it is one of those shows that reminds you that you are observing not just entertainment, but an art form, as distinct and intricate as literature.",https://www.thetimes.co.uk/article/better-call-saul-review-one-of-those-shows-that-reminds-you-that-you-are-observing-an-art-form-mvpcvz6jw,"Apr 20, 2022",6
Joel Keller,False,Decider,fresh,"Better Call Saul stays the course at the beginning of its final season, building anticipation towards a finale that we know is just the beginning of a new story instead of the ending of the current one.",https://decider.com/2022/04/18/better-call-saul-season-6-amc-review/,"Apr 19, 2022",6
Ed Power,True,Daily Telegraph (UK),fresh,"Amid the tension, rollicking dialogue and flashes of violence, Better Call Sauls winning attribute continues to be its slow-burn consistency.",https://www.telegraph.co.uk/tv/2022/04/19/better-call-saul-season-6-review-breaking-bads-classier-cousin/,"Apr 19, 2022",6
Brian Lowry,True,CNN.com,fresh,"As the show nears its end, series creators Vince Gilligan and Peter Gould have established its credentials not only as a worthy sequel, but a great series in its own right.",https://www.cnn.com/2022/04/18/entertainment/better-call-saul-season-6-review/index.html,"Apr 18, 2022",6
Angie Han,True,Hollywood Reporter,fresh,"One of Better Call Sauls most impressive qualities throughout its run has been its consistency, and that holds true in season six.",https://www.hollywoodreporter.com/tv/tv-reviews/better-call-saul-season-6-tv-review-1235128611/,"Apr 18, 2022",6
Kayla Cobb,False,Decider,fresh,"So far, Better Call Saul Season 6 belongs to Kim Wexler. And watching her moral fall is just as painful for us as it is for Jimmy.",https://decider.com/2022/04/15/better-call-saul-season-6-review/,"Apr 15, 2022",6
Tim Appelo,False,AARP Movies for Grownups,fresh,If only more movies could tell stories this gripping and ingenious about characters this complex!,https://www.aarp.org/entertainment/television/info-2022/what-to-watch-tv-streaming.html,"Apr 15, 2022",6
Rob Owen,False,Pittsburgh Tribune-Review,fresh,"Better Call Saul remains a well-plotted masterpiece, similar to Breaking Badfor which Saul is a prequel, complete with unexpected twists and action sequences that a viewer might expect to go right but end up going left.",https://triblive.com/aande/movies-tv/tv-talk-better-call-saul-the-flight-attendant-back-with-new-seasons/,"Apr 15, 2022",6
Dan Einav,True,Financial Times,fresh,"There are some terrifically enjoyable moments which not only showcase Sauls craft as virtuoso manipulator and prevaricator, but Odenkirks own considerable talents.",https://www.ft.com/content/8a0971b9-9e9c-4392-a2e5-8a09aaf0dc10,"Apr 15, 2022",6
Richard Roeper,True,Chicago Sun-Times,fresh,Within three minutes were reminded why this is one of the most visually creative series in television history.,https://chicago.suntimes.com/movies-and-tv/2022/4/14/23025165/better-call-saul-review-season-six-part-one-bob-odenkirk-richard-roeper,"Apr 15, 2022",6
Verne Gay,True,Newsday,fresh,"Could ""Better Call Saul"" have been a love story all along?",https://www.newsday.com/entertainment/tv/better-call-saul-review-ik4c5ta9,"Apr 14, 2022",6
Kyle Mullin,False,Under the Radar,fresh,An all-time great comedic-drama that can now boast top-tier action and thriller scenes to its ever growing list of feats. Theres no better way to begin Better Call Sauls closing chapter.,https://www.undertheradarmag.com/reviews/better_call_saul_season_six,"Apr 13, 2022",6
Brian Grubb,False,Uproxx,fresh,"Theres a lot to unpack here, in a lot of ways, but its probably best to start by getting to the point: The new season, through the first two episodes released to critics, is good.",https://uproxx.com/tv/better-call-saul-season-6-review/,"Apr 12, 2022",6
Valerie Ettenhofer,False,Film School Rejects,fresh,"Six seasons in, Better Call Saul has grown into a climactic, character-driven drama whose greatness parallels that of Breaking Bad.",https://filmschoolrejects.com/better-call-saul-season-6-review/,"Apr 12, 2022",6
Drew Dietsch,False,Giant Freakin Robot,fresh,We should thank our lucky stars to have lived in a time when Better Call Saul was airing.,https://www.giantfreakinrobot.com/ent/better-call-saul-season-6-review.html,"Apr 8, 2022",6
Darren Franich,True,Entertainment Weekly,fresh,Inventing tantalizing new mysteries right as the end begins? Only the best artists pull a con like that.,https://ew.com/tv/tv-reviews/better-call-saul-season-6-review/,"Apr 6, 2022",6
Brian Tallerico,True,The Playlist,fresh,"Its safe to say that Better Call Saul has lost none of its wit or nuance, picking up with the same level of quality that earned it the #1 place on this sites list of the best TV of 2020.",https://theplaylist.net/better-call-saul-razor-sharp-season-six-part-one-review-20220404/,"Apr 5, 2022",6
Daniel D'Addario,True,Variety,fresh,"Maybe the fact of its parts fitting together uneasily suggests its a harder task than its creators expected. Still and all, the show is urgently worth watching for Odenkirk and for Seehorn.",https://variety.com/2022/tv/reviews/better-call-saul-season-6-review-1235221223/,"Apr 4, 2022",6
Kaitlin Thomas,False,Paste Magazine,fresh,"Its the privilege of watching a series as well written, well made, and well acted as Better Call Saul that is the real takeaway here, and the work that went into making it possible is likely to be the shows legacy.",https://www.pastemagazine.com/tv/amc/better-call-saul-season-6-review/,"Apr 4, 2022",6
Chase Hutchinson,False,Collider,fresh,The descent of Jimmy McGill into Saul Goodman continues to be one of television's best character studies.,https://collider.com/better-call-saul-season-6-review-bob-odenkirk-amc/,"Apr 4, 2022",6
Fred Topel,False,United Press International,fresh,The season premiere of Better Call Saul was worth the wait. It drops the viewer right back into the story without missing a beat and sets up a compelling last rite for Jimmy McGillSaul Goodman.,https://www.upi.com/Entertainment_News/TV/2022/04/04/Better-Call-Saul-review/6181648834653/,"Apr 4, 2022",6
Chris Evangelista,False,Slashfilm,fresh,"It will be sad to let the brilliance of ""Better Call Saul"" go, but it's already abundantly clear that the series is going to stick the landing, and conclude in a manner that will firmly ensconce ""Better Call Saul"" in the pantheon of all-time-great TV.",https://www.slashfilm.com/820438/better-call-saul-season-6-review-one-of-the-best-shows-on-tv-unleashes-an-unbearably-tense-final-season/,"Apr 4, 2022",6
